date,symbol,close,volume,market,currency
2024-01-02,CN-SAMPLE-01,29.6893,91377,CN,CNY
2024-01-03,CN-SAMPLE-01,29.4161,78218,CN,CNY
2024-01-04,CN-SAMPLE-01,29.3852,107779,CN,CNY
2024-01-05,CN-SAMPLE-01,29.3747,154327,CN,CNY
2024-01-08,CN-SAMPLE-01,29.1258,146362,CN,CNY
2024-01-09,CN-SAMPLE-01,29.6004,64745,CN,CNY
2024-01-10,CN-SAMPLE-01,29.3274,136118,CN,CNY
2024-01-11,CN-SAMPLE-01,28.9562,184878,CN,CNY
2024-01-12,CN-SAMPLE-01,29.0015,199582,CN,CNY
2024-01-15,CN-SAMPLE-01,28.9785,20983,CN,CNY
2024-01-16,CN-SAMPLE-01,29.2065,42351,CN,CNY
2024-01-17,CN-SAMPLE-01,29.5182,86316,CN,CNY
2024-01-18,CN-SAMPLE-01,29.6987,139960,CN,CNY
2024-01-19,CN-SAMPLE-01,29.2155,10331,CN,CNY
2024-01-22,CN-SAMPLE-01,28.5661,148278,CN,CNY
2024-01-23,CN-SAMPLE-01,28.6287,52573,CN,CNY
2024-01-24,CN-SAMPLE-01,28.7802,100152,CN,CNY
2024-01-25,CN-SAMPLE-01,28.3954,76641,CN,CNY
2024-01-26,CN-SAMPLE-01,28.4848,62508,CN,CNY
2024-01-29,CN-SAMPLE-01,28.7847,21015,CN,CNY
2024-01-30,CN-SAMPLE-01,28.6803,92460,CN,CNY
2024-01-31,CN-SAMPLE-01,28.8461,149432,CN,CNY
2024-02-01,CN-SAMPLE-01,28.8381,139211,CN,CNY
2024-02-02,CN-SAMPLE-01,28.9874,20029,CN,CNY
2024-02-05,CN-SAMPLE-01,29.5462,17914,CN,CNY
2024-02-06,CN-SAMPLE-01,29.9779,154072,CN,CNY
2024-02-07,CN-SAMPLE-01,29.9540,125705,CN,CNY
2024-02-08,CN-SAMPLE-01,30.3156,133684,CN,CNY
2024-02-09,CN-SAMPLE-01,30.7484,83208,CN,CNY
2024-02-12,CN-SAMPLE-01,30.7492,11404,CN,CNY
2024-02-13,CN-SAMPLE-01,30.7133,30782,CN,CNY
2024-02-14,CN-SAMPLE-01,30.8409,51789,CN,CNY
2024-02-15,CN-SAMPLE-01,30.4232,21817,CN,CNY
2024-02-16,CN-SAMPLE-01,30.7899,42689,CN,CNY
2024-02-19,CN-SAMPLE-01,30.1641,56760,CN,CNY
2024-02-20,CN-SAMPLE-01,30.1424,66208,CN,CNY
2024-02-21,CN-SAMPLE-01,30.0470,108442,CN,CNY
2024-02-22,CN-SAMPLE-01,29.9115,154404,CN,CNY
2024-02-23,CN-SAMPLE-01,29.5398,19993,CN,CNY
2024-02-26,CN-SAMPLE-01,29.6031,155050,CN,CNY
2024-02-27,CN-SAMPLE-01,29.2723,112800,CN,CNY
2024-02-28,CN-SAMPLE-01,29.1006,126294,CN,CNY
2024-02-29,CN-SAMPLE-01,29.1798,45505,CN,CNY
2024-03-01,CN-SAMPLE-01,29.2854,132823,CN,CNY
2024-03-04,CN-SAMPLE-01,29.3090,180110,CN,CNY
2024-03-05,CN-SAMPLE-01,28.9609,110222,CN,CNY
2024-03-06,CN-SAMPLE-01,28.8119,157413,CN,CNY
2024-03-07,CN-SAMPLE-01,28.5450,104771,CN,CNY
2024-03-08,CN-SAMPLE-01,28.4544,193779,CN,CNY
2024-03-11,CN-SAMPLE-01,28.4209,160711,CN,CNY
2024-03-12,CN-SAMPLE-01,28.3509,75610,CN,CNY
2024-03-13,CN-SAMPLE-01,28.6465,90433,CN,CNY
2024-03-14,CN-SAMPLE-01,29.2365,121751,CN,CNY
2024-03-15,CN-SAMPLE-01,29.5433,24730,CN,CNY
2024-03-18,CN-SAMPLE-01,29.3369,161195,CN,CNY
2024-03-19,CN-SAMPLE-01,28.7069,142995,CN,CNY
2024-03-20,CN-SAMPLE-01,28.8600,172395,CN,CNY
2024-03-21,CN-SAMPLE-01,28.4966,56576,CN,CNY
2024-03-22,CN-SAMPLE-01,28.2758,175830,CN,CNY
2024-03-25,CN-SAMPLE-01,27.8820,92608,CN,CNY
2024-03-26,CN-SAMPLE-01,28.2772,85842,CN,CNY
2024-03-27,CN-SAMPLE-01,28.1339,47229,CN,CNY
2024-03-28,CN-SAMPLE-01,27.8600,192044,CN,CNY
2024-03-29,CN-SAMPLE-01,28.0016,162325,CN,CNY
2024-04-01,CN-SAMPLE-01,28.3490,143617,CN,CNY
2024-04-02,CN-SAMPLE-01,28.0775,188377,CN,CNY
2024-04-03,CN-SAMPLE-01,27.7400,120014,CN,CNY
2024-04-04,CN-SAMPLE-01,27.3643,119728,CN,CNY
2024-04-05,CN-SAMPLE-01,26.9720,84938,CN,CNY
2024-04-08,CN-SAMPLE-01,26.6679,90480,CN,CNY
2024-04-09,CN-SAMPLE-01,26.2876,190971,CN,CNY
2024-04-10,CN-SAMPLE-01,26.1706,69694,CN,CNY
2024-04-11,CN-SAMPLE-01,25.5228,76927,CN,CNY
2024-04-12,CN-SAMPLE-01,25.2467,47979,CN,CNY
2024-04-15,CN-SAMPLE-01,24.9787,123499,CN,CNY
2024-04-16,CN-SAMPLE-01,24.6498,157250,CN,CNY
2024-04-17,CN-SAMPLE-01,24.1983,53163,CN,CNY
2024-04-18,CN-SAMPLE-01,23.8863,118541,CN,CNY
2024-04-19,CN-SAMPLE-01,23.5930,13832,CN,CNY
2024-04-22,CN-SAMPLE-01,23.0221,198362,CN,CNY
2024-04-23,CN-SAMPLE-01,22.9371,189275,CN,CNY
2024-04-24,CN-SAMPLE-01,22.7888,193656,CN,CNY
2024-04-25,CN-SAMPLE-01,22.5128,71779,CN,CNY
2024-04-26,CN-SAMPLE-01,22.0618,81755,CN,CNY
2024-04-29,CN-SAMPLE-01,21.4513,167761,CN,CNY
2024-04-30,CN-SAMPLE-01,21.5110,127216,CN,CNY
2024-05-01,CN-SAMPLE-01,21.6350,102388,CN,CNY
2024-05-02,CN-SAMPLE-01,21.8942,159538,CN,CNY
2024-05-03,CN-SAMPLE-01,21.7618,195189,CN,CNY
2024-05-06,CN-SAMPLE-01,21.7650,125456,CN,CNY
2024-05-07,CN-SAMPLE-01,21.7674,12926,CN,CNY
2024-05-08,CN-SAMPLE-01,21.7327,125680,CN,CNY
2024-05-09,CN-SAMPLE-01,21.7038,151607,CN,CNY
2024-05-10,CN-SAMPLE-01,21.5388,161950,CN,CNY
2024-05-13,CN-SAMPLE-01,21.3483,102070,CN,CNY
2024-05-14,CN-SAMPLE-01,21.4039,17210,CN,CNY
2024-05-15,CN-SAMPLE-01,21.5245,28466,CN,CNY
2024-05-16,CN-SAMPLE-01,21.4568,164185,CN,CNY
2024-05-17,CN-SAMPLE-01,21.4526,19904,CN,CNY
2024-05-20,CN-SAMPLE-01,21.3375,41191,CN,CNY
2024-05-21,CN-SAMPLE-01,21.4245,36443,CN,CNY
2024-05-22,CN-SAMPLE-01,21.3107,56521,CN,CNY
2024-05-23,CN-SAMPLE-01,21.1522,27027,CN,CNY
2024-05-24,CN-SAMPLE-01,21.2702,68464,CN,CNY
2024-05-27,CN-SAMPLE-01,21.4878,198140,CN,CNY
2024-05-28,CN-SAMPLE-01,21.3364,134286,CN,CNY
2024-05-29,CN-SAMPLE-01,21.6203,86061,CN,CNY
2024-05-30,CN-SAMPLE-01,21.3174,119636,CN,CNY
2024-05-31,CN-SAMPLE-01,21.1550,152028,CN,CNY
2024-06-03,CN-SAMPLE-01,21.1052,56988,CN,CNY
2024-06-04,CN-SAMPLE-01,20.7982,140960,CN,CNY
2024-06-05,CN-SAMPLE-01,20.9278,102630,CN,CNY
2024-06-06,CN-SAMPLE-01,20.9611,124227,CN,CNY
2024-06-07,CN-SAMPLE-01,20.9343,105734,CN,CNY
2024-06-10,CN-SAMPLE-01,20.7624,131279,CN,CNY
2024-06-11,CN-SAMPLE-01,21.1066,16713,CN,CNY
2024-06-12,CN-SAMPLE-01,20.6747,107225,CN,CNY
2024-06-13,CN-SAMPLE-01,20.7495,61861,CN,CNY
2024-06-14,CN-SAMPLE-01,20.7886,59681,CN,CNY
2024-06-17,CN-SAMPLE-01,20.4604,106756,CN,CNY
2024-06-18,CN-SAMPLE-01,20.4364,189109,CN,CNY
2024-06-19,CN-SAMPLE-01,20.4750,168154,CN,CNY
2024-06-20,CN-SAMPLE-01,20.6923,156356,CN,CNY
2024-06-21,CN-SAMPLE-01,20.4194,71363,CN,CNY
2024-06-24,CN-SAMPLE-01,20.4393,31658,CN,CNY
2024-06-25,CN-SAMPLE-01,20.0210,156316,CN,CNY
2024-06-26,CN-SAMPLE-01,20.0894,80574,CN,CNY
2024-06-27,CN-SAMPLE-01,20.0569,128409,CN,CNY
2024-06-28,CN-SAMPLE-01,19.3366,33603,CN,CNY
2024-07-01,CN-SAMPLE-01,19.2230,56226,CN,CNY
2024-07-02,CN-SAMPLE-01,18.9808,152573,CN,CNY
2024-07-03,CN-SAMPLE-01,18.8983,50420,CN,CNY
2024-07-04,CN-SAMPLE-01,18.5048,148640,CN,CNY
2024-07-05,CN-SAMPLE-01,18.4938,122520,CN,CNY
2024-07-08,CN-SAMPLE-01,18.6084,71266,CN,CNY
2024-07-09,CN-SAMPLE-01,18.7070,110148,CN,CNY
2024-07-10,CN-SAMPLE-01,18.8079,160400,CN,CNY
2024-07-11,CN-SAMPLE-01,18.5928,133696,CN,CNY
2024-07-12,CN-SAMPLE-01,18.5933,147830,CN,CNY
2024-07-15,CN-SAMPLE-01,18.5510,74331,CN,CNY
2024-07-16,CN-SAMPLE-01,18.5747,170101,CN,CNY
2024-07-17,CN-SAMPLE-01,18.5181,122968,CN,CNY
2024-07-18,CN-SAMPLE-01,18.7939,120463,CN,CNY
2024-07-19,CN-SAMPLE-01,18.4115,87446,CN,CNY
2024-07-22,CN-SAMPLE-01,18.3216,57630,CN,CNY
2024-07-23,CN-SAMPLE-01,18.4058,30122,CN,CNY
2024-07-24,CN-SAMPLE-01,18.1888,141283,CN,CNY
2024-07-25,CN-SAMPLE-01,18.3381,186570,CN,CNY
2024-07-26,CN-SAMPLE-01,18.2125,137887,CN,CNY
2024-07-29,CN-SAMPLE-01,18.2406,170920,CN,CNY
2024-07-30,CN-SAMPLE-01,18.3537,175069,CN,CNY
2024-07-31,CN-SAMPLE-01,18.4794,68442,CN,CNY
2024-08-01,CN-SAMPLE-01,18.6040,56446,CN,CNY
2024-08-02,CN-SAMPLE-01,18.5527,16791,CN,CNY
2024-08-05,CN-SAMPLE-01,18.6658,198944,CN,CNY
2024-08-06,CN-SAMPLE-01,18.7601,48788,CN,CNY
2024-08-07,CN-SAMPLE-01,18.6842,136209,CN,CNY
2024-08-08,CN-SAMPLE-01,18.8073,102666,CN,CNY
2024-08-09,CN-SAMPLE-01,19.0337,49574,CN,CNY
2024-08-12,CN-SAMPLE-01,19.0425,47491,CN,CNY
2024-08-13,CN-SAMPLE-01,19.1176,167350,CN,CNY
2024-08-14,CN-SAMPLE-01,19.0685,35588,CN,CNY
2024-08-15,CN-SAMPLE-01,19.0062,64763,CN,CNY
2024-08-16,CN-SAMPLE-01,19.0060,71618,CN,CNY
2024-08-19,CN-SAMPLE-01,19.0391,91800,CN,CNY
2024-08-20,CN-SAMPLE-01,19.2043,174829,CN,CNY
2024-08-21,CN-SAMPLE-01,19.1123,83658,CN,CNY
2024-08-22,CN-SAMPLE-01,18.9822,175843,CN,CNY
2024-08-23,CN-SAMPLE-01,18.9234,79638,CN,CNY
2024-08-26,CN-SAMPLE-01,18.8974,164538,CN,CNY
2024-08-27,CN-SAMPLE-01,18.9451,134246,CN,CNY
2024-08-28,CN-SAMPLE-01,18.8863,181972,CN,CNY
2024-08-29,CN-SAMPLE-01,18.7231,139608,CN,CNY
2024-08-30,CN-SAMPLE-01,18.8891,60797,CN,CNY
2024-09-02,CN-SAMPLE-01,19.1200,34766,CN,CNY
2024-09-03,CN-SAMPLE-01,19.0425,131673,CN,CNY
2024-09-04,CN-SAMPLE-01,18.8500,135822,CN,CNY
2024-09-05,CN-SAMPLE-01,18.5629,95073,CN,CNY
2024-09-06,CN-SAMPLE-01,18.3872,123206,CN,CNY
2024-09-09,CN-SAMPLE-01,18.1754,194100,CN,CNY
2024-01-02,CN-SAMPLE-02,45.0811,78411,CN,CNY
2024-01-03,CN-SAMPLE-02,45.0086,174324,CN,CNY
2024-01-04,CN-SAMPLE-02,44.8790,141508,CN,CNY
2024-01-05,CN-SAMPLE-02,44.5975,22679,CN,CNY
2024-01-08,CN-SAMPLE-02,44.9211,22343,CN,CNY
2024-01-09,CN-SAMPLE-02,44.3631,117620,CN,CNY
2024-01-10,CN-SAMPLE-02,44.4397,158587,CN,CNY
2024-01-11,CN-SAMPLE-02,44.2754,56505,CN,CNY
2024-01-12,CN-SAMPLE-02,44.0359,138443,CN,CNY
2024-01-15,CN-SAMPLE-02,44.7430,116368,CN,CNY
2024-01-16,CN-SAMPLE-02,44.9370,147815,CN,CNY
2024-01-17,CN-SAMPLE-02,45.3069,186560,CN,CNY
2024-01-18,CN-SAMPLE-02,44.8557,10233,CN,CNY
2024-01-19,CN-SAMPLE-02,44.2696,183490,CN,CNY
2024-01-22,CN-SAMPLE-02,44.4566,79770,CN,CNY
2024-01-23,CN-SAMPLE-02,45.2148,198551,CN,CNY
2024-01-24,CN-SAMPLE-02,45.6799,165894,CN,CNY
2024-01-25,CN-SAMPLE-02,45.1552,37370,CN,CNY
2024-01-26,CN-SAMPLE-02,45.1643,125946,CN,CNY
2024-01-29,CN-SAMPLE-02,45.0563,137719,CN,CNY
2024-01-30,CN-SAMPLE-02,45.9543,165968,CN,CNY
2024-01-31,CN-SAMPLE-02,45.0396,182337,CN,CNY
2024-02-01,CN-SAMPLE-02,43.9689,187912,CN,CNY
2024-02-02,CN-SAMPLE-02,43.9590,88029,CN,CNY
2024-02-05,CN-SAMPLE-02,44.7895,168455,CN,CNY
2024-02-06,CN-SAMPLE-02,43.4702,33801,CN,CNY
2024-02-07,CN-SAMPLE-02,43.0673,55268,CN,CNY
2024-02-08,CN-SAMPLE-02,43.3055,23138,CN,CNY
2024-02-09,CN-SAMPLE-02,43.6885,125376,CN,CNY
2024-02-12,CN-SAMPLE-02,43.8104,112004,CN,CNY
2024-02-13,CN-SAMPLE-02,44.1296,63598,CN,CNY
2024-02-14,CN-SAMPLE-02,43.5975,90300,CN,CNY
2024-02-15,CN-SAMPLE-02,44.6244,89189,CN,CNY
2024-02-16,CN-SAMPLE-02,43.9502,44126,CN,CNY
2024-02-19,CN-SAMPLE-02,43.7301,26207,CN,CNY
2024-02-20,CN-SAMPLE-02,43.6994,152188,CN,CNY
2024-02-21,CN-SAMPLE-02,43.4212,108712,CN,CNY
2024-02-22,CN-SAMPLE-02,44.1848,126154,CN,CNY
2024-02-23,CN-SAMPLE-02,44.3574,105999,CN,CNY
2024-02-26,CN-SAMPLE-02,44.2514,22839,CN,CNY
2024-02-27,CN-SAMPLE-02,44.1897,67124,CN,CNY
2024-02-28,CN-SAMPLE-02,43.8095,48362,CN,CNY
2024-02-29,CN-SAMPLE-02,43.3360,194024,CN,CNY
2024-03-01,CN-SAMPLE-02,42.9776,33005,CN,CNY
2024-03-04,CN-SAMPLE-02,43.0521,197756,CN,CNY
2024-03-05,CN-SAMPLE-02,42.6355,10950,CN,CNY
2024-03-06,CN-SAMPLE-02,42.7782,192323,CN,CNY
2024-03-07,CN-SAMPLE-02,42.1952,21514,CN,CNY
2024-03-08,CN-SAMPLE-02,41.7296,198651,CN,CNY
2024-03-11,CN-SAMPLE-02,41.8018,69297,CN,CNY
2024-03-12,CN-SAMPLE-02,41.6653,159103,CN,CNY
2024-03-13,CN-SAMPLE-02,41.4047,146487,CN,CNY
2024-03-14,CN-SAMPLE-02,41.6290,74697,CN,CNY
2024-03-15,CN-SAMPLE-02,41.0570,36711,CN,CNY
2024-03-18,CN-SAMPLE-02,41.1056,131096,CN,CNY
2024-03-19,CN-SAMPLE-02,41.1751,128737,CN,CNY
2024-03-20,CN-SAMPLE-02,40.9971,99296,CN,CNY
2024-03-21,CN-SAMPLE-02,41.1238,85486,CN,CNY
2024-03-22,CN-SAMPLE-02,41.4910,102239,CN,CNY
2024-03-25,CN-SAMPLE-02,41.5888,29858,CN,CNY
2024-03-26,CN-SAMPLE-02,40.8822,148674,CN,CNY
2024-03-27,CN-SAMPLE-02,39.5635,80753,CN,CNY
2024-03-28,CN-SAMPLE-02,39.5244,88651,CN,CNY
2024-03-29,CN-SAMPLE-02,39.4687,171945,CN,CNY
2024-04-01,CN-SAMPLE-02,39.1772,37036,CN,CNY
2024-04-02,CN-SAMPLE-02,39.1020,151627,CN,CNY
2024-04-03,CN-SAMPLE-02,38.6018,98156,CN,CNY
2024-04-04,CN-SAMPLE-02,36.9506,122349,CN,CNY
2024-04-05,CN-SAMPLE-02,36.1500,92730,CN,CNY
2024-04-08,CN-SAMPLE-02,35.2126,196011,CN,CNY
2024-04-09,CN-SAMPLE-02,34.5551,153575,CN,CNY
2024-04-10,CN-SAMPLE-02,34.1571,182651,CN,CNY
2024-04-11,CN-SAMPLE-02,33.9407,170186,CN,CNY
2024-04-12,CN-SAMPLE-02,32.8384,141856,CN,CNY
2024-04-15,CN-SAMPLE-02,32.7217,79510,CN,CNY
2024-04-16,CN-SAMPLE-02,32.3804,16771,CN,CNY
2024-04-17,CN-SAMPLE-02,32.5944,193269,CN,CNY
2024-04-18,CN-SAMPLE-02,32.1468,72062,CN,CNY
2024-04-19,CN-SAMPLE-02,32.0933,91728,CN,CNY
2024-04-22,CN-SAMPLE-02,31.3146,176543,CN,CNY
2024-04-23,CN-SAMPLE-02,30.6575,111824,CN,CNY
2024-04-24,CN-SAMPLE-02,30.6626,94958,CN,CNY
2024-04-25,CN-SAMPLE-02,30.3766,67670,CN,CNY
2024-04-26,CN-SAMPLE-02,29.3905,182584,CN,CNY
2024-04-29,CN-SAMPLE-02,28.9662,148012,CN,CNY
2024-04-30,CN-SAMPLE-02,28.8951,83536,CN,CNY
2024-05-01,CN-SAMPLE-02,29.0111,60322,CN,CNY
2024-05-02,CN-SAMPLE-02,29.2137,25129,CN,CNY
2024-05-03,CN-SAMPLE-02,28.8269,161874,CN,CNY
2024-05-06,CN-SAMPLE-02,28.3479,23462,CN,CNY
2024-05-07,CN-SAMPLE-02,28.3685,19259,CN,CNY
2024-05-08,CN-SAMPLE-02,28.4177,177987,CN,CNY
2024-05-09,CN-SAMPLE-02,28.5347,182356,CN,CNY
2024-05-10,CN-SAMPLE-02,28.0620,38405,CN,CNY
2024-05-13,CN-SAMPLE-02,28.1286,65299,CN,CNY
2024-05-14,CN-SAMPLE-02,28.0123,129555,CN,CNY
2024-05-15,CN-SAMPLE-02,27.1688,143061,CN,CNY
2024-05-16,CN-SAMPLE-02,26.8711,160802,CN,CNY
2024-05-17,CN-SAMPLE-02,26.5258,22551,CN,CNY
2024-05-20,CN-SAMPLE-02,26.7189,58883,CN,CNY
2024-05-21,CN-SAMPLE-02,26.3653,114756,CN,CNY
2024-05-22,CN-SAMPLE-02,26.1765,60609,CN,CNY
2024-05-23,CN-SAMPLE-02,26.0970,164037,CN,CNY
2024-05-24,CN-SAMPLE-02,26.4356,192477,CN,CNY
2024-05-27,CN-SAMPLE-02,26.7366,138299,CN,CNY
2024-05-28,CN-SAMPLE-02,26.6023,166276,CN,CNY
2024-05-29,CN-SAMPLE-02,26.3015,48352,CN,CNY
2024-05-30,CN-SAMPLE-02,25.9801,30342,CN,CNY
2024-05-31,CN-SAMPLE-02,25.7480,146341,CN,CNY
2024-06-03,CN-SAMPLE-02,25.8807,55726,CN,CNY
2024-06-04,CN-SAMPLE-02,25.2131,81103,CN,CNY
2024-06-05,CN-SAMPLE-02,25.8794,99277,CN,CNY
2024-06-06,CN-SAMPLE-02,25.5082,10455,CN,CNY
2024-06-07,CN-SAMPLE-02,25.3268,115556,CN,CNY
2024-06-10,CN-SAMPLE-02,25.0300,169976,CN,CNY
2024-06-11,CN-SAMPLE-02,25.2388,54620,CN,CNY
2024-06-12,CN-SAMPLE-02,25.3402,24777,CN,CNY
2024-06-13,CN-SAMPLE-02,25.1124,79431,CN,CNY
2024-06-14,CN-SAMPLE-02,25.1056,188585,CN,CNY
2024-06-17,CN-SAMPLE-02,25.3207,85742,CN,CNY
2024-06-18,CN-SAMPLE-02,25.0459,151501,CN,CNY
2024-06-19,CN-SAMPLE-02,25.0971,129764,CN,CNY
2024-06-20,CN-SAMPLE-02,24.8212,155171,CN,CNY
2024-06-21,CN-SAMPLE-02,24.7885,114664,CN,CNY
2024-06-24,CN-SAMPLE-02,24.9428,95255,CN,CNY
2024-06-25,CN-SAMPLE-02,25.2039,17427,CN,CNY
2024-06-26,CN-SAMPLE-02,25.5442,18177,CN,CNY
2024-06-27,CN-SAMPLE-02,25.5259,105812,CN,CNY
2024-06-28,CN-SAMPLE-02,25.6099,60849,CN,CNY
2024-07-01,CN-SAMPLE-02,25.8146,30108,CN,CNY
2024-07-02,CN-SAMPLE-02,25.8172,118162,CN,CNY
2024-07-03,CN-SAMPLE-02,26.2675,23297,CN,CNY
2024-07-04,CN-SAMPLE-02,25.6955,138136,CN,CNY
2024-07-05,CN-SAMPLE-02,25.5760,98813,CN,CNY
2024-07-08,CN-SAMPLE-02,25.4234,116630,CN,CNY
2024-07-09,CN-SAMPLE-02,25.5101,32627,CN,CNY
2024-07-10,CN-SAMPLE-02,25.5365,183223,CN,CNY
2024-07-11,CN-SAMPLE-02,25.8226,170549,CN,CNY
2024-07-12,CN-SAMPLE-02,26.1027,89816,CN,CNY
2024-07-15,CN-SAMPLE-02,25.8793,95283,CN,CNY
2024-07-16,CN-SAMPLE-02,25.7673,113040,CN,CNY
2024-07-17,CN-SAMPLE-02,25.1991,189701,CN,CNY
2024-07-18,CN-SAMPLE-02,25.3272,133174,CN,CNY
2024-07-19,CN-SAMPLE-02,25.6245,155660,CN,CNY
2024-07-22,CN-SAMPLE-02,25.8146,40298,CN,CNY
2024-07-23,CN-SAMPLE-02,25.7796,130602,CN,CNY
2024-07-24,CN-SAMPLE-02,25.5015,57047,CN,CNY
2024-07-25,CN-SAMPLE-02,25.2993,71870,CN,CNY
2024-07-26,CN-SAMPLE-02,24.9621,104569,CN,CNY
2024-07-29,CN-SAMPLE-02,24.7227,120642,CN,CNY
2024-07-30,CN-SAMPLE-02,24.6646,168438,CN,CNY
2024-07-31,CN-SAMPLE-02,25.0859,136427,CN,CNY
2024-08-01,CN-SAMPLE-02,25.1340,110068,CN,CNY
2024-08-02,CN-SAMPLE-02,25.6391,103846,CN,CNY
2024-08-05,CN-SAMPLE-02,25.5782,185182,CN,CNY
2024-08-06,CN-SAMPLE-02,25.5398,69838,CN,CNY
2024-08-07,CN-SAMPLE-02,25.6597,44662,CN,CNY
2024-08-08,CN-SAMPLE-02,25.0754,99726,CN,CNY
2024-08-09,CN-SAMPLE-02,25.2520,146971,CN,CNY
2024-08-12,CN-SAMPLE-02,25.6715,143492,CN,CNY
2024-08-13,CN-SAMPLE-02,25.9730,37246,CN,CNY
2024-08-14,CN-SAMPLE-02,25.6662,135894,CN,CNY
2024-08-15,CN-SAMPLE-02,26.1813,130029,CN,CNY
2024-08-16,CN-SAMPLE-02,26.0630,184269,CN,CNY
2024-08-19,CN-SAMPLE-02,26.4322,11403,CN,CNY
2024-08-20,CN-SAMPLE-02,26.6645,167122,CN,CNY
2024-08-21,CN-SAMPLE-02,26.2253,119450,CN,CNY
2024-08-22,CN-SAMPLE-02,26.7515,20297,CN,CNY
2024-08-23,CN-SAMPLE-02,26.4990,116857,CN,CNY
2024-08-26,CN-SAMPLE-02,26.2077,63525,CN,CNY
2024-08-27,CN-SAMPLE-02,26.1064,91479,CN,CNY
2024-08-28,CN-SAMPLE-02,25.8368,39025,CN,CNY
2024-08-29,CN-SAMPLE-02,26.1752,86999,CN,CNY
2024-08-30,CN-SAMPLE-02,26.4043,113748,CN,CNY
2024-09-02,CN-SAMPLE-02,25.9798,142823,CN,CNY
2024-09-03,CN-SAMPLE-02,26.0636,94058,CN,CNY
2024-09-04,CN-SAMPLE-02,26.0244,146976,CN,CNY
2024-09-05,CN-SAMPLE-02,25.9551,111400,CN,CNY
2024-09-06,CN-SAMPLE-02,26.3790,25834,CN,CNY
2024-09-09,CN-SAMPLE-02,26.8011,99645,CN,CNY
2024-01-02,CN-SAMPLE-03,60.8953,156692,CN,CNY
2024-01-03,CN-SAMPLE-03,60.8964,179778,CN,CNY
2024-01-04,CN-SAMPLE-03,61.8684,61121,CN,CNY
2024-01-05,CN-SAMPLE-03,60.6572,102078,CN,CNY
2024-01-08,CN-SAMPLE-03,60.3121,12165,CN,CNY
2024-01-09,CN-SAMPLE-03,60.4311,59307,CN,CNY
2024-01-10,CN-SAMPLE-03,60.5324,176558,CN,CNY
2024-01-11,CN-SAMPLE-03,60.5305,122151,CN,CNY
2024-01-12,CN-SAMPLE-03,60.4802,198735,CN,CNY
2024-01-15,CN-SAMPLE-03,60.6692,37972,CN,CNY
2024-01-16,CN-SAMPLE-03,59.4849,15971,CN,CNY
2024-01-17,CN-SAMPLE-03,60.0127,36640,CN,CNY
2024-01-18,CN-SAMPLE-03,59.8421,102207,CN,CNY
2024-01-19,CN-SAMPLE-03,59.2064,129887,CN,CNY
2024-01-22,CN-SAMPLE-03,59.4665,58724,CN,CNY
2024-01-23,CN-SAMPLE-03,58.7535,199465,CN,CNY
2024-01-24,CN-SAMPLE-03,58.4759,108892,CN,CNY
2024-01-25,CN-SAMPLE-03,58.7994,138561,CN,CNY
2024-01-26,CN-SAMPLE-03,58.0724,95979,CN,CNY
2024-01-29,CN-SAMPLE-03,58.1121,188177,CN,CNY
2024-01-30,CN-SAMPLE-03,57.6224,157966,CN,CNY
2024-01-31,CN-SAMPLE-03,57.5339,106749,CN,CNY
2024-02-01,CN-SAMPLE-03,58.3697,16604,CN,CNY
2024-02-02,CN-SAMPLE-03,58.4302,51070,CN,CNY
2024-02-05,CN-SAMPLE-03,58.8696,139605,CN,CNY
2024-02-06,CN-SAMPLE-03,58.6726,107624,CN,CNY
2024-02-07,CN-SAMPLE-03,59.7822,30990,CN,CNY
2024-02-08,CN-SAMPLE-03,60.0791,120156,CN,CNY
2024-02-09,CN-SAMPLE-03,60.8291,105066,CN,CNY
2024-02-12,CN-SAMPLE-03,60.8638,154675,CN,CNY
2024-02-13,CN-SAMPLE-03,61.0240,21077,CN,CNY
2024-02-14,CN-SAMPLE-03,61.4726,25248,CN,CNY
2024-02-15,CN-SAMPLE-03,61.9709,150697,CN,CNY
2024-02-16,CN-SAMPLE-03,61.6205,131321,CN,CNY
2024-02-19,CN-SAMPLE-03,62.0037,88883,CN,CNY
2024-02-20,CN-SAMPLE-03,62.6110,180139,CN,CNY
2024-02-21,CN-SAMPLE-03,63.1192,111191,CN,CNY
2024-02-22,CN-SAMPLE-03,64.1698,52462,CN,CNY
2024-02-23,CN-SAMPLE-03,63.4718,25317,CN,CNY
2024-02-26,CN-SAMPLE-03,62.9275,99709,CN,CNY
2024-02-27,CN-SAMPLE-03,63.2003,106045,CN,CNY
2024-02-28,CN-SAMPLE-03,62.0131,82851,CN,CNY
2024-02-29,CN-SAMPLE-03,62.4944,94259,CN,CNY
2024-03-01,CN-SAMPLE-03,61.7366,162087,CN,CNY
2024-03-04,CN-SAMPLE-03,62.1947,21402,CN,CNY
2024-03-05,CN-SAMPLE-03,61.9923,135830,CN,CNY
2024-03-06,CN-SAMPLE-03,62.7771,156876,CN,CNY
2024-03-07,CN-SAMPLE-03,62.5531,89808,CN,CNY
2024-03-08,CN-SAMPLE-03,62.1589,113645,CN,CNY
2024-03-11,CN-SAMPLE-03,62.4060,176630,CN,CNY
2024-03-12,CN-SAMPLE-03,61.2582,197520,CN,CNY
2024-03-13,CN-SAMPLE-03,60.7368,191273,CN,CNY
2024-03-14,CN-SAMPLE-03,60.9753,115188,CN,CNY
2024-03-15,CN-SAMPLE-03,60.7507,71829,CN,CNY
2024-03-18,CN-SAMPLE-03,60.7308,133334,CN,CNY
2024-03-19,CN-SAMPLE-03,61.3577,93789,CN,CNY
2024-03-20,CN-SAMPLE-03,61.3807,130567,CN,CNY
2024-03-21,CN-SAMPLE-03,61.0248,118342,CN,CNY
2024-03-22,CN-SAMPLE-03,61.7205,150315,CN,CNY
2024-03-25,CN-SAMPLE-03,61.2712,159635,CN,CNY
2024-03-26,CN-SAMPLE-03,61.7843,141950,CN,CNY
2024-03-27,CN-SAMPLE-03,62.4038,142526,CN,CNY
2024-03-28,CN-SAMPLE-03,62.1762,144157,CN,CNY
2024-03-29,CN-SAMPLE-03,62.8109,127144,CN,CNY
2024-04-01,CN-SAMPLE-03,64.4632,103998,CN,CNY
2024-04-02,CN-SAMPLE-03,64.3735,132009,CN,CNY
2024-04-03,CN-SAMPLE-03,62.8723,88280,CN,CNY
2024-04-04,CN-SAMPLE-03,61.6024,181140,CN,CNY
2024-04-05,CN-SAMPLE-03,60.3886,195623,CN,CNY
2024-04-08,CN-SAMPLE-03,60.0407,27823,CN,CNY
2024-04-09,CN-SAMPLE-03,58.0713,126489,CN,CNY
2024-04-10,CN-SAMPLE-03,58.3782,35381,CN,CNY
2024-04-11,CN-SAMPLE-03,58.1556,163344,CN,CNY
2024-04-12,CN-SAMPLE-03,56.5477,90512,CN,CNY
2024-04-15,CN-SAMPLE-03,54.7687,73373,CN,CNY
2024-04-16,CN-SAMPLE-03,53.7469,178919,CN,CNY
2024-04-17,CN-SAMPLE-03,53.3573,105975,CN,CNY
2024-04-18,CN-SAMPLE-03,51.7334,155424,CN,CNY
2024-04-19,CN-SAMPLE-03,50.3372,78602,CN,CNY
2024-04-22,CN-SAMPLE-03,49.8048,124268,CN,CNY
2024-04-23,CN-SAMPLE-03,48.5149,36919,CN,CNY
2024-04-24,CN-SAMPLE-03,48.1660,117378,CN,CNY
2024-04-25,CN-SAMPLE-03,46.8153,83366,CN,CNY
2024-04-26,CN-SAMPLE-03,45.8858,101097,CN,CNY
2024-04-29,CN-SAMPLE-03,44.2674,129629,CN,CNY
2024-04-30,CN-SAMPLE-03,44.1877,122914,CN,CNY
2024-05-01,CN-SAMPLE-03,44.4811,111282,CN,CNY
2024-05-02,CN-SAMPLE-03,44.8824,25417,CN,CNY
2024-05-03,CN-SAMPLE-03,44.9800,39837,CN,CNY
2024-05-06,CN-SAMPLE-03,44.1857,63026,CN,CNY
2024-05-07,CN-SAMPLE-03,44.0632,185761,CN,CNY
2024-05-08,CN-SAMPLE-03,45.1317,130861,CN,CNY
2024-05-09,CN-SAMPLE-03,45.2723,197307,CN,CNY
2024-05-10,CN-SAMPLE-03,45.7104,87155,CN,CNY
2024-05-13,CN-SAMPLE-03,45.8442,14976,CN,CNY
2024-05-14,CN-SAMPLE-03,46.6109,68924,CN,CNY
2024-05-15,CN-SAMPLE-03,46.4425,104104,CN,CNY
2024-05-16,CN-SAMPLE-03,47.1568,153040,CN,CNY
2024-05-17,CN-SAMPLE-03,47.2196,86248,CN,CNY
2024-05-20,CN-SAMPLE-03,47.6338,195539,CN,CNY
2024-05-21,CN-SAMPLE-03,47.5651,63546,CN,CNY
2024-05-22,CN-SAMPLE-03,47.3685,171422,CN,CNY
2024-05-23,CN-SAMPLE-03,47.6794,99793,CN,CNY
2024-05-24,CN-SAMPLE-03,47.7756,79539,CN,CNY
2024-05-27,CN-SAMPLE-03,47.4863,10817,CN,CNY
2024-05-28,CN-SAMPLE-03,47.1420,69934,CN,CNY
2024-05-29,CN-SAMPLE-03,46.3912,75170,CN,CNY
2024-05-30,CN-SAMPLE-03,45.3510,147007,CN,CNY
2024-05-31,CN-SAMPLE-03,44.5677,20710,CN,CNY
2024-06-03,CN-SAMPLE-03,44.4343,125142,CN,CNY
2024-06-04,CN-SAMPLE-03,44.1334,117415,CN,CNY
2024-06-05,CN-SAMPLE-03,43.8670,63948,CN,CNY
2024-06-06,CN-SAMPLE-03,43.6954,103050,CN,CNY
2024-06-07,CN-SAMPLE-03,44.8776,81734,CN,CNY
2024-06-10,CN-SAMPLE-03,44.5728,137715,CN,CNY
2024-06-11,CN-SAMPLE-03,43.8457,93387,CN,CNY
2024-06-12,CN-SAMPLE-03,43.2017,77170,CN,CNY
2024-06-13,CN-SAMPLE-03,43.1401,65856,CN,CNY
2024-06-14,CN-SAMPLE-03,43.7915,24966,CN,CNY
2024-06-17,CN-SAMPLE-03,43.8945,71576,CN,CNY
2024-06-18,CN-SAMPLE-03,43.6388,29632,CN,CNY
2024-06-19,CN-SAMPLE-03,43.9033,143861,CN,CNY
2024-06-20,CN-SAMPLE-03,43.4405,116858,CN,CNY
2024-06-21,CN-SAMPLE-03,42.7663,142008,CN,CNY
2024-06-24,CN-SAMPLE-03,41.7650,73609,CN,CNY
2024-06-25,CN-SAMPLE-03,42.1310,175858,CN,CNY
2024-06-26,CN-SAMPLE-03,41.4651,50722,CN,CNY
2024-06-27,CN-SAMPLE-03,41.4295,84313,CN,CNY
2024-06-28,CN-SAMPLE-03,42.3355,69122,CN,CNY
2024-07-01,CN-SAMPLE-03,41.9197,87480,CN,CNY
2024-07-02,CN-SAMPLE-03,42.2530,20744,CN,CNY
2024-07-03,CN-SAMPLE-03,43.2412,179966,CN,CNY
2024-07-04,CN-SAMPLE-03,42.7614,153454,CN,CNY
2024-07-05,CN-SAMPLE-03,42.5658,148294,CN,CNY
2024-07-08,CN-SAMPLE-03,42.5041,38472,CN,CNY
2024-07-09,CN-SAMPLE-03,41.4201,181125,CN,CNY
2024-07-10,CN-SAMPLE-03,41.3580,139122,CN,CNY
2024-07-11,CN-SAMPLE-03,40.9446,166866,CN,CNY
2024-07-12,CN-SAMPLE-03,40.7950,150129,CN,CNY
2024-07-15,CN-SAMPLE-03,41.1038,83623,CN,CNY
2024-07-16,CN-SAMPLE-03,40.8303,28828,CN,CNY
2024-07-17,CN-SAMPLE-03,40.0829,77777,CN,CNY
2024-07-18,CN-SAMPLE-03,39.7533,112934,CN,CNY
2024-07-19,CN-SAMPLE-03,39.6655,99639,CN,CNY
2024-07-22,CN-SAMPLE-03,39.1167,149738,CN,CNY
2024-07-23,CN-SAMPLE-03,38.5963,18848,CN,CNY
2024-07-24,CN-SAMPLE-03,38.2527,187655,CN,CNY
2024-07-25,CN-SAMPLE-03,37.9075,79191,CN,CNY
2024-07-26,CN-SAMPLE-03,38.5919,30911,CN,CNY
2024-07-29,CN-SAMPLE-03,38.7770,148453,CN,CNY
2024-07-30,CN-SAMPLE-03,38.7350,109736,CN,CNY
2024-07-31,CN-SAMPLE-03,38.6367,198648,CN,CNY
2024-08-01,CN-SAMPLE-03,38.9509,80934,CN,CNY
2024-08-02,CN-SAMPLE-03,40.0525,106876,CN,CNY
2024-08-05,CN-SAMPLE-03,40.8451,176906,CN,CNY
2024-08-06,CN-SAMPLE-03,40.4305,157693,CN,CNY
2024-08-07,CN-SAMPLE-03,40.2850,143880,CN,CNY
2024-08-08,CN-SAMPLE-03,40.4998,138874,CN,CNY
2024-08-09,CN-SAMPLE-03,40.3147,140652,CN,CNY
2024-08-12,CN-SAMPLE-03,39.6363,77602,CN,CNY
2024-08-13,CN-SAMPLE-03,41.3224,132088,CN,CNY
2024-08-14,CN-SAMPLE-03,42.6779,80673,CN,CNY
2024-08-15,CN-SAMPLE-03,43.3907,14019,CN,CNY
2024-08-16,CN-SAMPLE-03,43.0804,10963,CN,CNY
2024-08-19,CN-SAMPLE-03,43.5261,171420,CN,CNY
2024-08-20,CN-SAMPLE-03,44.0748,89430,CN,CNY
2024-08-21,CN-SAMPLE-03,44.7603,191034,CN,CNY
2024-08-22,CN-SAMPLE-03,44.2248,39072,CN,CNY
2024-08-23,CN-SAMPLE-03,44.7549,115490,CN,CNY
2024-08-26,CN-SAMPLE-03,44.2569,104912,CN,CNY
2024-08-27,CN-SAMPLE-03,44.0830,160044,CN,CNY
2024-08-28,CN-SAMPLE-03,44.6765,103171,CN,CNY
2024-08-29,CN-SAMPLE-03,44.6973,118730,CN,CNY
2024-08-30,CN-SAMPLE-03,44.5308,154703,CN,CNY
2024-09-02,CN-SAMPLE-03,44.5877,14983,CN,CNY
2024-09-03,CN-SAMPLE-03,44.7340,168481,CN,CNY
2024-09-04,CN-SAMPLE-03,44.0934,11928,CN,CNY
2024-09-05,CN-SAMPLE-03,43.4557,81816,CN,CNY
2024-09-06,CN-SAMPLE-03,42.6633,53022,CN,CNY
2024-09-09,CN-SAMPLE-03,42.6804,140338,CN,CNY
2024-01-02,CN-SAMPLE-04,73.1831,181990,CN,CNY
2024-01-03,CN-SAMPLE-04,70.3083,69692,CN,CNY
2024-01-04,CN-SAMPLE-04,69.8598,22357,CN,CNY
2024-01-05,CN-SAMPLE-04,69.8723,97964,CN,CNY
2024-01-08,CN-SAMPLE-04,68.7193,23437,CN,CNY
2024-01-09,CN-SAMPLE-04,69.0902,108063,CN,CNY
2024-01-10,CN-SAMPLE-04,69.0199,15451,CN,CNY
2024-01-11,CN-SAMPLE-04,67.6068,53060,CN,CNY
2024-01-12,CN-SAMPLE-04,66.7635,157387,CN,CNY
2024-01-15,CN-SAMPLE-04,67.9966,50680,CN,CNY
2024-01-16,CN-SAMPLE-04,67.9002,32041,CN,CNY
2024-01-17,CN-SAMPLE-04,67.4021,159385,CN,CNY
2024-01-18,CN-SAMPLE-04,68.6553,106453,CN,CNY
2024-01-19,CN-SAMPLE-04,70.1095,134555,CN,CNY
2024-01-22,CN-SAMPLE-04,68.3869,38170,CN,CNY
2024-01-23,CN-SAMPLE-04,68.7124,19153,CN,CNY
2024-01-24,CN-SAMPLE-04,70.7238,184285,CN,CNY
2024-01-25,CN-SAMPLE-04,72.5825,19921,CN,CNY
2024-01-26,CN-SAMPLE-04,73.3158,134340,CN,CNY
2024-01-29,CN-SAMPLE-04,74.2278,71832,CN,CNY
2024-01-30,CN-SAMPLE-04,74.9653,32061,CN,CNY
2024-01-31,CN-SAMPLE-04,76.1233,97350,CN,CNY
2024-02-01,CN-SAMPLE-04,76.0545,13890,CN,CNY
2024-02-02,CN-SAMPLE-04,78.6428,72643,CN,CNY
2024-02-05,CN-SAMPLE-04,79.4457,39370,CN,CNY
2024-02-06,CN-SAMPLE-04,78.7188,154212,CN,CNY
2024-02-07,CN-SAMPLE-04,77.9435,175098,CN,CNY
2024-02-08,CN-SAMPLE-04,80.0080,169077,CN,CNY
2024-02-09,CN-SAMPLE-04,79.3899,74540,CN,CNY
2024-02-12,CN-SAMPLE-04,79.0782,83758,CN,CNY
2024-02-13,CN-SAMPLE-04,77.6510,57605,CN,CNY
2024-02-14,CN-SAMPLE-04,78.2177,196299,CN,CNY
2024-02-15,CN-SAMPLE-04,77.7079,151130,CN,CNY
2024-02-16,CN-SAMPLE-04,78.8368,175041,CN,CNY
2024-02-19,CN-SAMPLE-04,77.8810,52317,CN,CNY
2024-02-20,CN-SAMPLE-04,76.7960,111922,CN,CNY
2024-02-21,CN-SAMPLE-04,76.5235,103769,CN,CNY
2024-02-22,CN-SAMPLE-04,75.7888,104201,CN,CNY
2024-02-23,CN-SAMPLE-04,76.5326,100462,CN,CNY
2024-02-26,CN-SAMPLE-04,76.3342,184672,CN,CNY
2024-02-27,CN-SAMPLE-04,76.8756,187808,CN,CNY
2024-02-28,CN-SAMPLE-04,76.8345,93020,CN,CNY
2024-02-29,CN-SAMPLE-04,75.8401,123794,CN,CNY
2024-03-01,CN-SAMPLE-04,77.9411,133074,CN,CNY
2024-03-04,CN-SAMPLE-04,77.0006,172259,CN,CNY
2024-03-05,CN-SAMPLE-04,75.8408,124588,CN,CNY
2024-03-06,CN-SAMPLE-04,76.1079,168134,CN,CNY
2024-03-07,CN-SAMPLE-04,75.5833,129526,CN,CNY
2024-03-08,CN-SAMPLE-04,73.5294,126926,CN,CNY
2024-03-11,CN-SAMPLE-04,73.4115,150549,CN,CNY
2024-03-12,CN-SAMPLE-04,73.2700,124929,CN,CNY
2024-03-13,CN-SAMPLE-04,72.2048,51241,CN,CNY
2024-03-14,CN-SAMPLE-04,70.6202,81834,CN,CNY
2024-03-15,CN-SAMPLE-04,70.0287,158188,CN,CNY
2024-03-18,CN-SAMPLE-04,70.5077,48069,CN,CNY
2024-03-19,CN-SAMPLE-04,69.6247,37552,CN,CNY
2024-03-20,CN-SAMPLE-04,69.7839,24955,CN,CNY
2024-03-21,CN-SAMPLE-04,68.4949,160816,CN,CNY
2024-03-22,CN-SAMPLE-04,70.2427,82003,CN,CNY
2024-03-25,CN-SAMPLE-04,69.9642,177772,CN,CNY
2024-03-26,CN-SAMPLE-04,69.9773,39927,CN,CNY
2024-03-27,CN-SAMPLE-04,69.5744,130586,CN,CNY
2024-03-28,CN-SAMPLE-04,69.0694,16293,CN,CNY
2024-03-29,CN-SAMPLE-04,69.2318,146777,CN,CNY
2024-04-01,CN-SAMPLE-04,67.0908,84368,CN,CNY
2024-04-02,CN-SAMPLE-04,68.2907,20134,CN,CNY
2024-04-03,CN-SAMPLE-04,65.9075,23074,CN,CNY
2024-04-04,CN-SAMPLE-04,64.0720,18977,CN,CNY
2024-04-05,CN-SAMPLE-04,62.7169,127558,CN,CNY
2024-04-08,CN-SAMPLE-04,61.8253,143763,CN,CNY
2024-04-09,CN-SAMPLE-04,61.5992,148065,CN,CNY
2024-04-10,CN-SAMPLE-04,61.4808,144955,CN,CNY
2024-04-11,CN-SAMPLE-04,60.1693,106548,CN,CNY
2024-04-12,CN-SAMPLE-04,58.5063,196928,CN,CNY
2024-04-15,CN-SAMPLE-04,58.4477,140945,CN,CNY
2024-04-16,CN-SAMPLE-04,58.1865,109763,CN,CNY
2024-04-17,CN-SAMPLE-04,57.8328,139087,CN,CNY
2024-04-18,CN-SAMPLE-04,58.1505,157146,CN,CNY
2024-04-19,CN-SAMPLE-04,59.2468,185367,CN,CNY
2024-04-22,CN-SAMPLE-04,58.0701,74685,CN,CNY
2024-04-23,CN-SAMPLE-04,56.9284,163227,CN,CNY
2024-04-24,CN-SAMPLE-04,56.3481,13424,CN,CNY
2024-04-25,CN-SAMPLE-04,55.1214,126040,CN,CNY
2024-04-26,CN-SAMPLE-04,55.3912,138318,CN,CNY
2024-04-29,CN-SAMPLE-04,54.7115,36984,CN,CNY
2024-04-30,CN-SAMPLE-04,55.8648,165228,CN,CNY
2024-05-01,CN-SAMPLE-04,56.8361,165071,CN,CNY
2024-05-02,CN-SAMPLE-04,57.2011,118787,CN,CNY
2024-05-03,CN-SAMPLE-04,58.4861,98263,CN,CNY
2024-05-06,CN-SAMPLE-04,59.4528,158620,CN,CNY
2024-05-07,CN-SAMPLE-04,60.2414,58844,CN,CNY
2024-05-08,CN-SAMPLE-04,60.9395,140051,CN,CNY
2024-05-09,CN-SAMPLE-04,60.2682,163674,CN,CNY
2024-05-10,CN-SAMPLE-04,60.9077,180394,CN,CNY
2024-05-13,CN-SAMPLE-04,62.7742,23395,CN,CNY
2024-05-14,CN-SAMPLE-04,62.3302,115587,CN,CNY
2024-05-15,CN-SAMPLE-04,62.3024,34592,CN,CNY
2024-05-16,CN-SAMPLE-04,63.0230,52007,CN,CNY
2024-05-17,CN-SAMPLE-04,64.0656,85090,CN,CNY
2024-05-20,CN-SAMPLE-04,62.6077,145473,CN,CNY
2024-05-21,CN-SAMPLE-04,61.7606,69398,CN,CNY
2024-05-22,CN-SAMPLE-04,62.3844,11386,CN,CNY
2024-05-23,CN-SAMPLE-04,62.7518,22897,CN,CNY
2024-05-24,CN-SAMPLE-04,63.4170,39854,CN,CNY
2024-05-27,CN-SAMPLE-04,61.9084,170511,CN,CNY
2024-05-28,CN-SAMPLE-04,61.2243,161095,CN,CNY
2024-05-29,CN-SAMPLE-04,60.2923,11118,CN,CNY
2024-05-30,CN-SAMPLE-04,60.5774,199164,CN,CNY
2024-05-31,CN-SAMPLE-04,61.2191,149768,CN,CNY
2024-06-03,CN-SAMPLE-04,60.7652,101782,CN,CNY
2024-06-04,CN-SAMPLE-04,59.6359,137179,CN,CNY
2024-06-05,CN-SAMPLE-04,59.5477,43108,CN,CNY
2024-06-06,CN-SAMPLE-04,59.5420,91919,CN,CNY
2024-06-07,CN-SAMPLE-04,60.7816,56823,CN,CNY
2024-06-10,CN-SAMPLE-04,61.9565,108459,CN,CNY
2024-06-11,CN-SAMPLE-04,61.7657,195911,CN,CNY
2024-06-12,CN-SAMPLE-04,60.2587,152370,CN,CNY
2024-06-13,CN-SAMPLE-04,59.6551,79328,CN,CNY
2024-06-14,CN-SAMPLE-04,58.6339,60852,CN,CNY
2024-06-17,CN-SAMPLE-04,58.4545,146782,CN,CNY
2024-06-18,CN-SAMPLE-04,57.9667,130537,CN,CNY
2024-06-19,CN-SAMPLE-04,57.7707,62282,CN,CNY
2024-06-20,CN-SAMPLE-04,57.2972,108920,CN,CNY
2024-06-21,CN-SAMPLE-04,56.8487,142958,CN,CNY
2024-06-24,CN-SAMPLE-04,56.8874,179255,CN,CNY
2024-06-25,CN-SAMPLE-04,56.9887,88054,CN,CNY
2024-06-26,CN-SAMPLE-04,57.4682,164124,CN,CNY
2024-06-27,CN-SAMPLE-04,58.5771,146833,CN,CNY
2024-06-28,CN-SAMPLE-04,58.3601,198327,CN,CNY
2024-07-01,CN-SAMPLE-04,58.6712,64835,CN,CNY
2024-07-02,CN-SAMPLE-04,58.3068,56362,CN,CNY
2024-07-03,CN-SAMPLE-04,57.9483,103822,CN,CNY
2024-07-04,CN-SAMPLE-04,59.0633,121987,CN,CNY
2024-07-05,CN-SAMPLE-04,58.4742,65364,CN,CNY
2024-07-08,CN-SAMPLE-04,57.8887,181386,CN,CNY
2024-07-09,CN-SAMPLE-04,58.1405,75530,CN,CNY
2024-07-10,CN-SAMPLE-04,56.6955,196356,CN,CNY
2024-07-11,CN-SAMPLE-04,56.3801,16984,CN,CNY
2024-07-12,CN-SAMPLE-04,55.6251,97685,CN,CNY
2024-07-15,CN-SAMPLE-04,55.4301,168404,CN,CNY
2024-07-16,CN-SAMPLE-04,54.0948,99533,CN,CNY
2024-07-17,CN-SAMPLE-04,53.8903,197435,CN,CNY
2024-07-18,CN-SAMPLE-04,54.0454,70897,CN,CNY
2024-07-19,CN-SAMPLE-04,53.4135,107285,CN,CNY
2024-07-22,CN-SAMPLE-04,53.9290,173149,CN,CNY
2024-07-23,CN-SAMPLE-04,53.8133,15601,CN,CNY
2024-07-24,CN-SAMPLE-04,53.5605,65137,CN,CNY
2024-07-25,CN-SAMPLE-04,53.1867,97776,CN,CNY
2024-07-26,CN-SAMPLE-04,52.1426,124354,CN,CNY
2024-07-29,CN-SAMPLE-04,53.5538,45358,CN,CNY
2024-07-30,CN-SAMPLE-04,53.9338,111171,CN,CNY
2024-07-31,CN-SAMPLE-04,53.5903,108234,CN,CNY
2024-08-01,CN-SAMPLE-04,53.4312,51991,CN,CNY
2024-08-02,CN-SAMPLE-04,53.6192,196899,CN,CNY
2024-08-05,CN-SAMPLE-04,53.7242,166362,CN,CNY
2024-08-06,CN-SAMPLE-04,53.4199,61381,CN,CNY
2024-08-07,CN-SAMPLE-04,54.0800,38089,CN,CNY
2024-08-08,CN-SAMPLE-04,55.3771,113210,CN,CNY
2024-08-09,CN-SAMPLE-04,56.5870,152289,CN,CNY
2024-08-12,CN-SAMPLE-04,56.3383,121846,CN,CNY
2024-08-13,CN-SAMPLE-04,56.6853,174802,CN,CNY
2024-08-14,CN-SAMPLE-04,57.0894,195785,CN,CNY
2024-08-15,CN-SAMPLE-04,57.9463,21200,CN,CNY
2024-08-16,CN-SAMPLE-04,56.7581,108969,CN,CNY
2024-08-19,CN-SAMPLE-04,56.3914,126462,CN,CNY
2024-08-20,CN-SAMPLE-04,54.8745,102725,CN,CNY
2024-08-21,CN-SAMPLE-04,54.2205,189098,CN,CNY
2024-08-22,CN-SAMPLE-04,53.8849,12541,CN,CNY
2024-08-23,CN-SAMPLE-04,54.0148,23961,CN,CNY
2024-08-26,CN-SAMPLE-04,53.8775,80444,CN,CNY
2024-08-27,CN-SAMPLE-04,54.8276,21834,CN,CNY
2024-08-28,CN-SAMPLE-04,53.8731,61881,CN,CNY
2024-08-29,CN-SAMPLE-04,54.2422,40342,CN,CNY
2024-08-30,CN-SAMPLE-04,54.1268,101616,CN,CNY
2024-09-02,CN-SAMPLE-04,54.6958,54011,CN,CNY
2024-09-03,CN-SAMPLE-04,54.9701,185123,CN,CNY
2024-09-04,CN-SAMPLE-04,55.8848,105656,CN,CNY
2024-09-05,CN-SAMPLE-04,56.0082,132134,CN,CNY
2024-09-06,CN-SAMPLE-04,55.0337,21865,CN,CNY
2024-09-09,CN-SAMPLE-04,53.9496,34506,CN,CNY
2024-01-02,CN-SAMPLE-05,90.8922,170091,CN,CNY
2024-01-03,CN-SAMPLE-05,89.8659,64457,CN,CNY
2024-01-04,CN-SAMPLE-05,91.3766,30436,CN,CNY
2024-01-05,CN-SAMPLE-05,92.2807,119843,CN,CNY
2024-01-08,CN-SAMPLE-05,94.1493,98079,CN,CNY
2024-01-09,CN-SAMPLE-05,94.3754,77387,CN,CNY
2024-01-10,CN-SAMPLE-05,93.6495,19498,CN,CNY
2024-01-11,CN-SAMPLE-05,92.0890,34747,CN,CNY
2024-01-12,CN-SAMPLE-05,91.5280,74653,CN,CNY
2024-01-15,CN-SAMPLE-05,92.3424,81941,CN,CNY
2024-01-16,CN-SAMPLE-05,93.3272,19153,CN,CNY
2024-01-17,CN-SAMPLE-05,91.2700,113201,CN,CNY
2024-01-18,CN-SAMPLE-05,92.8996,169603,CN,CNY
2024-01-19,CN-SAMPLE-05,93.8760,25456,CN,CNY
2024-01-22,CN-SAMPLE-05,95.8959,166113,CN,CNY
2024-01-23,CN-SAMPLE-05,93.9664,68612,CN,CNY
2024-01-24,CN-SAMPLE-05,93.3754,153236,CN,CNY
2024-01-25,CN-SAMPLE-05,94.3714,118274,CN,CNY
2024-01-26,CN-SAMPLE-05,94.9411,124461,CN,CNY
2024-01-29,CN-SAMPLE-05,96.5225,158697,CN,CNY
2024-01-30,CN-SAMPLE-05,97.5979,27146,CN,CNY
2024-01-31,CN-SAMPLE-05,100.1465,162775,CN,CNY
2024-02-01,CN-SAMPLE-05,102.2941,192023,CN,CNY
2024-02-02,CN-SAMPLE-05,103.0406,44164,CN,CNY
2024-02-05,CN-SAMPLE-05,104.4977,15383,CN,CNY
2024-02-06,CN-SAMPLE-05,108.4337,104165,CN,CNY
2024-02-07,CN-SAMPLE-05,106.7042,42256,CN,CNY
2024-02-08,CN-SAMPLE-05,107.0703,20704,CN,CNY
2024-02-09,CN-SAMPLE-05,107.8432,96118,CN,CNY
2024-02-12,CN-SAMPLE-05,109.6090,16696,CN,CNY
2024-02-13,CN-SAMPLE-05,108.3061,68292,CN,CNY
2024-02-14,CN-SAMPLE-05,111.3474,96209,CN,CNY
2024-02-15,CN-SAMPLE-05,112.8261,135679,CN,CNY
2024-02-16,CN-SAMPLE-05,115.3240,114650,CN,CNY
2024-02-19,CN-SAMPLE-05,112.2188,43310,CN,CNY
2024-02-20,CN-SAMPLE-05,111.6184,40635,CN,CNY
2024-02-21,CN-SAMPLE-05,113.1948,132907,CN,CNY
2024-02-22,CN-SAMPLE-05,112.9347,136137,CN,CNY
2024-02-23,CN-SAMPLE-05,113.9395,127222,CN,CNY
2024-02-26,CN-SAMPLE-05,114.3375,160828,CN,CNY
2024-02-27,CN-SAMPLE-05,117.9755,188136,CN,CNY
2024-02-28,CN-SAMPLE-05,119.0241,102250,CN,CNY
2024-02-29,CN-SAMPLE-05,119.3971,164271,CN,CNY
2024-03-01,CN-SAMPLE-05,116.8098,196063,CN,CNY
2024-03-04,CN-SAMPLE-05,116.1320,107213,CN,CNY
2024-03-05,CN-SAMPLE-05,117.2868,56212,CN,CNY
2024-03-06,CN-SAMPLE-05,115.7845,70262,CN,CNY
2024-03-07,CN-SAMPLE-05,118.2122,160925,CN,CNY
2024-03-08,CN-SAMPLE-05,118.6837,158986,CN,CNY
2024-03-11,CN-SAMPLE-05,123.0269,189863,CN,CNY
2024-03-12,CN-SAMPLE-05,121.8535,95569,CN,CNY
2024-03-13,CN-SAMPLE-05,121.7698,14001,CN,CNY
2024-03-14,CN-SAMPLE-05,121.7856,89348,CN,CNY
2024-03-15,CN-SAMPLE-05,120.6805,180831,CN,CNY
2024-03-18,CN-SAMPLE-05,116.6827,102646,CN,CNY
2024-03-19,CN-SAMPLE-05,113.8175,118503,CN,CNY
2024-03-20,CN-SAMPLE-05,113.1319,64853,CN,CNY
2024-03-21,CN-SAMPLE-05,115.1733,184195,CN,CNY
2024-03-22,CN-SAMPLE-05,116.6953,120690,CN,CNY
2024-03-25,CN-SAMPLE-05,116.8703,161009,CN,CNY
2024-03-26,CN-SAMPLE-05,118.9419,188555,CN,CNY
2024-03-27,CN-SAMPLE-05,115.9760,173961,CN,CNY
2024-03-28,CN-SAMPLE-05,111.9584,133943,CN,CNY
2024-03-29,CN-SAMPLE-05,113.5209,66545,CN,CNY
2024-04-01,CN-SAMPLE-05,114.3623,68400,CN,CNY
2024-04-02,CN-SAMPLE-05,117.1340,134763,CN,CNY
2024-04-03,CN-SAMPLE-05,113.8876,176489,CN,CNY
2024-04-04,CN-SAMPLE-05,111.0528,60000,CN,CNY
2024-04-05,CN-SAMPLE-05,111.3482,95050,CN,CNY
2024-04-08,CN-SAMPLE-05,111.9180,17798,CN,CNY
2024-04-09,CN-SAMPLE-05,108.3291,21135,CN,CNY
2024-04-10,CN-SAMPLE-05,106.4900,88399,CN,CNY
2024-04-11,CN-SAMPLE-05,104.0612,62536,CN,CNY
2024-04-12,CN-SAMPLE-05,100.3930,82155,CN,CNY
2024-04-15,CN-SAMPLE-05,99.4105,70371,CN,CNY
2024-04-16,CN-SAMPLE-05,97.8760,174662,CN,CNY
2024-04-17,CN-SAMPLE-05,98.2408,170030,CN,CNY
2024-04-18,CN-SAMPLE-05,97.3991,111692,CN,CNY
2024-04-19,CN-SAMPLE-05,98.4755,168048,CN,CNY
2024-04-22,CN-SAMPLE-05,99.9948,182588,CN,CNY
2024-04-23,CN-SAMPLE-05,97.9984,67585,CN,CNY
2024-04-24,CN-SAMPLE-05,96.9575,40281,CN,CNY
2024-04-25,CN-SAMPLE-05,96.1784,166022,CN,CNY
2024-04-26,CN-SAMPLE-05,93.7080,127249,CN,CNY
2024-04-29,CN-SAMPLE-05,95.2450,74035,CN,CNY
2024-04-30,CN-SAMPLE-05,96.0101,158917,CN,CNY
2024-05-01,CN-SAMPLE-05,97.0436,59613,CN,CNY
2024-05-02,CN-SAMPLE-05,96.9687,184911,CN,CNY
2024-05-03,CN-SAMPLE-05,96.8224,124124,CN,CNY
2024-05-06,CN-SAMPLE-05,95.2410,164967,CN,CNY
2024-05-07,CN-SAMPLE-05,93.5198,94228,CN,CNY
2024-05-08,CN-SAMPLE-05,91.0750,70381,CN,CNY
2024-05-09,CN-SAMPLE-05,91.6629,44500,CN,CNY
2024-05-10,CN-SAMPLE-05,90.9601,95995,CN,CNY
2024-05-13,CN-SAMPLE-05,90.5463,106087,CN,CNY
2024-05-14,CN-SAMPLE-05,89.9066,22670,CN,CNY
2024-05-15,CN-SAMPLE-05,90.3253,82679,CN,CNY
2024-05-16,CN-SAMPLE-05,91.5904,198942,CN,CNY
2024-05-17,CN-SAMPLE-05,92.0478,159552,CN,CNY
2024-05-20,CN-SAMPLE-05,90.8340,39290,CN,CNY
2024-05-21,CN-SAMPLE-05,89.6079,15139,CN,CNY
2024-05-22,CN-SAMPLE-05,90.5345,67504,CN,CNY
2024-05-23,CN-SAMPLE-05,88.2521,163824,CN,CNY
2024-05-24,CN-SAMPLE-05,88.6198,126724,CN,CNY
2024-05-27,CN-SAMPLE-05,90.7004,122508,CN,CNY
2024-05-28,CN-SAMPLE-05,90.0358,166674,CN,CNY
2024-05-29,CN-SAMPLE-05,88.2221,18121,CN,CNY
2024-05-30,CN-SAMPLE-05,86.7024,68648,CN,CNY
2024-05-31,CN-SAMPLE-05,87.8402,113192,CN,CNY
2024-06-03,CN-SAMPLE-05,88.3159,45024,CN,CNY
2024-06-04,CN-SAMPLE-05,87.3276,20608,CN,CNY
2024-06-05,CN-SAMPLE-05,87.5183,29713,CN,CNY
2024-06-06,CN-SAMPLE-05,88.7313,17222,CN,CNY
2024-06-07,CN-SAMPLE-05,89.4054,78076,CN,CNY
2024-06-10,CN-SAMPLE-05,90.3068,77193,CN,CNY
2024-06-11,CN-SAMPLE-05,89.4139,62667,CN,CNY
2024-06-12,CN-SAMPLE-05,89.7115,65406,CN,CNY
2024-06-13,CN-SAMPLE-05,86.1761,88241,CN,CNY
2024-06-14,CN-SAMPLE-05,86.2283,48856,CN,CNY
2024-06-17,CN-SAMPLE-05,88.0825,121814,CN,CNY
2024-06-18,CN-SAMPLE-05,85.4976,29740,CN,CNY
2024-06-19,CN-SAMPLE-05,85.9909,18873,CN,CNY
2024-06-20,CN-SAMPLE-05,86.2389,86412,CN,CNY
2024-06-21,CN-SAMPLE-05,88.3593,64392,CN,CNY
2024-06-24,CN-SAMPLE-05,85.5488,10095,CN,CNY
2024-06-25,CN-SAMPLE-05,84.4114,152766,CN,CNY
2024-06-26,CN-SAMPLE-05,85.1349,180056,CN,CNY
2024-06-27,CN-SAMPLE-05,85.0817,36992,CN,CNY
2024-06-28,CN-SAMPLE-05,81.6700,168121,CN,CNY
2024-07-01,CN-SAMPLE-05,80.3029,166471,CN,CNY
2024-07-02,CN-SAMPLE-05,80.1710,31727,CN,CNY
2024-07-03,CN-SAMPLE-05,78.3717,54270,CN,CNY
2024-07-04,CN-SAMPLE-05,76.7119,96489,CN,CNY
2024-07-05,CN-SAMPLE-05,76.5421,145066,CN,CNY
2024-07-08,CN-SAMPLE-05,74.0222,91337,CN,CNY
2024-07-09,CN-SAMPLE-05,71.1863,171244,CN,CNY
2024-07-10,CN-SAMPLE-05,70.6777,138596,CN,CNY
2024-07-11,CN-SAMPLE-05,70.4324,16669,CN,CNY
2024-07-12,CN-SAMPLE-05,71.9833,71797,CN,CNY
2024-07-15,CN-SAMPLE-05,71.7017,103465,CN,CNY
2024-07-16,CN-SAMPLE-05,72.4605,168603,CN,CNY
2024-07-17,CN-SAMPLE-05,71.6901,177901,CN,CNY
2024-07-18,CN-SAMPLE-05,72.5979,70592,CN,CNY
2024-07-19,CN-SAMPLE-05,72.2503,129218,CN,CNY
2024-07-22,CN-SAMPLE-05,71.9657,107052,CN,CNY
2024-07-23,CN-SAMPLE-05,72.3105,11263,CN,CNY
2024-07-24,CN-SAMPLE-05,70.5141,47835,CN,CNY
2024-07-25,CN-SAMPLE-05,71.9005,34289,CN,CNY
2024-07-26,CN-SAMPLE-05,70.3060,177748,CN,CNY
2024-07-29,CN-SAMPLE-05,68.5772,18742,CN,CNY
2024-07-30,CN-SAMPLE-05,68.9245,43192,CN,CNY
2024-07-31,CN-SAMPLE-05,67.4527,189092,CN,CNY
2024-08-01,CN-SAMPLE-05,67.5425,87902,CN,CNY
2024-08-02,CN-SAMPLE-05,70.0704,99069,CN,CNY
2024-08-05,CN-SAMPLE-05,71.1481,57662,CN,CNY
2024-08-06,CN-SAMPLE-05,72.9778,38506,CN,CNY
2024-08-07,CN-SAMPLE-05,73.1812,128792,CN,CNY
2024-08-08,CN-SAMPLE-05,72.0941,99531,CN,CNY
2024-08-09,CN-SAMPLE-05,72.8097,134722,CN,CNY
2024-08-12,CN-SAMPLE-05,72.2958,21826,CN,CNY
2024-08-13,CN-SAMPLE-05,73.2667,156029,CN,CNY
2024-08-14,CN-SAMPLE-05,72.9872,90055,CN,CNY
2024-08-15,CN-SAMPLE-05,71.4446,158730,CN,CNY
2024-08-16,CN-SAMPLE-05,72.5979,133978,CN,CNY
2024-08-19,CN-SAMPLE-05,72.2752,23759,CN,CNY
2024-08-20,CN-SAMPLE-05,71.6278,11999,CN,CNY
2024-08-21,CN-SAMPLE-05,71.6128,52155,CN,CNY
2024-08-22,CN-SAMPLE-05,71.9630,94713,CN,CNY
2024-08-23,CN-SAMPLE-05,72.1842,98163,CN,CNY
2024-08-26,CN-SAMPLE-05,70.6929,127388,CN,CNY
2024-08-27,CN-SAMPLE-05,69.2997,90519,CN,CNY
2024-08-28,CN-SAMPLE-05,69.0900,121367,CN,CNY
2024-08-29,CN-SAMPLE-05,69.7416,191172,CN,CNY
2024-08-30,CN-SAMPLE-05,68.4001,96026,CN,CNY
2024-09-02,CN-SAMPLE-05,68.5453,65912,CN,CNY
2024-09-03,CN-SAMPLE-05,69.9445,38506,CN,CNY
2024-09-04,CN-SAMPLE-05,68.1467,101027,CN,CNY
2024-09-05,CN-SAMPLE-05,70.7406,130030,CN,CNY
2024-09-06,CN-SAMPLE-05,70.1478,197728,CN,CNY
2024-09-09,CN-SAMPLE-05,67.3918,191746,CN,CNY
2024-01-02,CN-SAMPLE-06,100.1849,39503,CN,CNY
2024-01-03,CN-SAMPLE-06,100.0067,107971,CN,CNY
2024-01-04,CN-SAMPLE-06,102.6216,37962,CN,CNY
2024-01-05,CN-SAMPLE-06,102.1252,97302,CN,CNY
2024-01-08,CN-SAMPLE-06,103.2272,45650,CN,CNY
2024-01-09,CN-SAMPLE-06,100.6423,112905,CN,CNY
2024-01-10,CN-SAMPLE-06,101.1693,125838,CN,CNY
2024-01-11,CN-SAMPLE-06,102.7516,16544,CN,CNY
2024-01-12,CN-SAMPLE-06,102.0611,98049,CN,CNY
2024-01-15,CN-SAMPLE-06,99.5113,46885,CN,CNY
2024-01-16,CN-SAMPLE-06,101.9389,109364,CN,CNY
2024-01-17,CN-SAMPLE-06,100.3449,195225,CN,CNY
2024-01-18,CN-SAMPLE-06,101.5229,91251,CN,CNY
2024-01-19,CN-SAMPLE-06,99.0742,121292,CN,CNY
2024-01-22,CN-SAMPLE-06,100.8181,170748,CN,CNY
2024-01-23,CN-SAMPLE-06,104.7692,13215,CN,CNY
2024-01-24,CN-SAMPLE-06,106.1246,87968,CN,CNY
2024-01-25,CN-SAMPLE-06,107.6709,144738,CN,CNY
2024-01-26,CN-SAMPLE-06,108.3950,189915,CN,CNY
2024-01-29,CN-SAMPLE-06,112.3937,163716,CN,CNY
2024-01-30,CN-SAMPLE-06,110.7429,90710,CN,CNY
2024-01-31,CN-SAMPLE-06,110.7747,47409,CN,CNY
2024-02-01,CN-SAMPLE-06,110.5653,95695,CN,CNY
2024-02-02,CN-SAMPLE-06,114.7502,17826,CN,CNY
2024-02-05,CN-SAMPLE-06,116.6753,138582,CN,CNY
2024-02-06,CN-SAMPLE-06,117.8832,183644,CN,CNY
2024-02-07,CN-SAMPLE-06,116.0905,133484,CN,CNY
2024-02-08,CN-SAMPLE-06,114.4792,70311,CN,CNY
2024-02-09,CN-SAMPLE-06,113.6358,77842,CN,CNY
2024-02-12,CN-SAMPLE-06,113.2818,59234,CN,CNY
2024-02-13,CN-SAMPLE-06,115.0926,46983,CN,CNY
2024-02-14,CN-SAMPLE-06,113.9230,105009,CN,CNY
2024-02-15,CN-SAMPLE-06,111.8701,192396,CN,CNY
2024-02-16,CN-SAMPLE-06,112.9262,99169,CN,CNY
2024-02-19,CN-SAMPLE-06,110.3898,189102,CN,CNY
2024-02-20,CN-SAMPLE-06,114.2944,182269,CN,CNY
2024-02-21,CN-SAMPLE-06,116.7713,73713,CN,CNY
2024-02-22,CN-SAMPLE-06,111.0810,152917,CN,CNY
2024-02-23,CN-SAMPLE-06,111.7986,16314,CN,CNY
2024-02-26,CN-SAMPLE-06,110.4838,92497,CN,CNY
2024-02-27,CN-SAMPLE-06,111.9704,89448,CN,CNY
2024-02-28,CN-SAMPLE-06,111.7997,162076,CN,CNY
2024-02-29,CN-SAMPLE-06,113.6171,146537,CN,CNY
2024-03-01,CN-SAMPLE-06,113.2422,84065,CN,CNY
2024-03-04,CN-SAMPLE-06,114.8521,188631,CN,CNY
2024-03-05,CN-SAMPLE-06,116.8195,33015,CN,CNY
2024-03-06,CN-SAMPLE-06,117.2609,107542,CN,CNY
2024-03-07,CN-SAMPLE-06,119.7707,122126,CN,CNY
2024-03-08,CN-SAMPLE-06,121.8699,184120,CN,CNY
2024-03-11,CN-SAMPLE-06,123.6504,181222,CN,CNY
2024-03-12,CN-SAMPLE-06,121.6580,21547,CN,CNY
2024-03-13,CN-SAMPLE-06,125.9066,91323,CN,CNY
2024-03-14,CN-SAMPLE-06,124.6444,16852,CN,CNY
2024-03-15,CN-SAMPLE-06,122.4688,136800,CN,CNY
2024-03-18,CN-SAMPLE-06,123.0130,146034,CN,CNY
2024-03-19,CN-SAMPLE-06,120.6957,47789,CN,CNY
2024-03-20,CN-SAMPLE-06,124.3072,31904,CN,CNY
2024-03-21,CN-SAMPLE-06,123.2163,16595,CN,CNY
2024-03-22,CN-SAMPLE-06,118.8312,150747,CN,CNY
2024-03-25,CN-SAMPLE-06,119.6665,127207,CN,CNY
2024-03-26,CN-SAMPLE-06,117.9232,110279,CN,CNY
2024-03-27,CN-SAMPLE-06,116.8083,191684,CN,CNY
2024-03-28,CN-SAMPLE-06,118.0560,21384,CN,CNY
2024-03-29,CN-SAMPLE-06,119.7043,163016,CN,CNY
2024-04-01,CN-SAMPLE-06,118.9997,193722,CN,CNY
2024-04-02,CN-SAMPLE-06,120.4331,52913,CN,CNY
2024-04-03,CN-SAMPLE-06,119.7310,46887,CN,CNY
2024-04-04,CN-SAMPLE-06,115.4073,171980,CN,CNY
2024-04-05,CN-SAMPLE-06,116.1328,151970,CN,CNY
2024-04-08,CN-SAMPLE-06,119.4803,197290,CN,CNY
2024-04-09,CN-SAMPLE-06,120.2022,51441,CN,CNY
2024-04-10,CN-SAMPLE-06,120.6552,133961,CN,CNY
2024-04-11,CN-SAMPLE-06,117.2931,70876,CN,CNY
2024-04-12,CN-SAMPLE-06,117.3682,17464,CN,CNY
2024-04-15,CN-SAMPLE-06,119.5057,24912,CN,CNY
2024-04-16,CN-SAMPLE-06,119.4949,74367,CN,CNY
2024-04-17,CN-SAMPLE-06,115.4809,11983,CN,CNY
2024-04-18,CN-SAMPLE-06,112.3501,52417,CN,CNY
2024-04-19,CN-SAMPLE-06,109.8397,48720,CN,CNY
2024-04-22,CN-SAMPLE-06,108.0362,57672,CN,CNY
2024-04-23,CN-SAMPLE-06,104.0508,21951,CN,CNY
2024-04-24,CN-SAMPLE-06,101.2333,192191,CN,CNY
2024-04-25,CN-SAMPLE-06,98.2510,94452,CN,CNY
2024-04-26,CN-SAMPLE-06,97.8407,30458,CN,CNY
2024-04-29,CN-SAMPLE-06,95.2651,180384,CN,CNY
2024-04-30,CN-SAMPLE-06,95.0693,131181,CN,CNY
2024-05-01,CN-SAMPLE-06,95.4076,110894,CN,CNY
2024-05-02,CN-SAMPLE-06,99.0451,193023,CN,CNY
2024-05-03,CN-SAMPLE-06,100.5044,173866,CN,CNY
2024-05-06,CN-SAMPLE-06,101.6197,117726,CN,CNY
2024-05-07,CN-SAMPLE-06,99.9179,195985,CN,CNY
2024-05-08,CN-SAMPLE-06,102.0918,162392,CN,CNY
2024-05-09,CN-SAMPLE-06,101.3146,14086,CN,CNY
2024-05-10,CN-SAMPLE-06,103.1332,70768,CN,CNY
2024-05-13,CN-SAMPLE-06,102.0568,59445,CN,CNY
2024-05-14,CN-SAMPLE-06,101.9943,151714,CN,CNY
2024-05-15,CN-SAMPLE-06,101.7609,76766,CN,CNY
2024-05-16,CN-SAMPLE-06,101.3055,80891,CN,CNY
2024-05-17,CN-SAMPLE-06,105.1961,117756,CN,CNY
2024-05-20,CN-SAMPLE-06,107.9442,172873,CN,CNY
2024-05-21,CN-SAMPLE-06,110.1515,148804,CN,CNY
2024-05-22,CN-SAMPLE-06,106.4227,51634,CN,CNY
2024-05-23,CN-SAMPLE-06,108.5420,166589,CN,CNY
2024-05-24,CN-SAMPLE-06,110.5174,75896,CN,CNY
2024-05-27,CN-SAMPLE-06,110.9638,166211,CN,CNY
2024-05-28,CN-SAMPLE-06,111.4049,162302,CN,CNY
2024-05-29,CN-SAMPLE-06,107.2610,145880,CN,CNY
2024-05-30,CN-SAMPLE-06,105.5197,135561,CN,CNY
2024-05-31,CN-SAMPLE-06,105.6725,55453,CN,CNY
2024-06-03,CN-SAMPLE-06,107.1218,12881,CN,CNY
2024-06-04,CN-SAMPLE-06,104.9415,40683,CN,CNY
2024-06-05,CN-SAMPLE-06,105.1092,45527,CN,CNY
2024-06-06,CN-SAMPLE-06,106.8583,171617,CN,CNY
2024-06-07,CN-SAMPLE-06,104.6071,117694,CN,CNY
2024-06-10,CN-SAMPLE-06,104.1360,31461,CN,CNY
2024-06-11,CN-SAMPLE-06,109.1041,88866,CN,CNY
2024-06-12,CN-SAMPLE-06,107.5676,44059,CN,CNY
2024-06-13,CN-SAMPLE-06,110.7889,34987,CN,CNY
2024-06-14,CN-SAMPLE-06,112.0843,143281,CN,CNY
2024-06-17,CN-SAMPLE-06,113.9967,93640,CN,CNY
2024-06-18,CN-SAMPLE-06,113.4434,76932,CN,CNY
2024-06-19,CN-SAMPLE-06,113.5992,72540,CN,CNY
2024-06-20,CN-SAMPLE-06,113.2338,92227,CN,CNY
2024-06-21,CN-SAMPLE-06,116.8816,100138,CN,CNY
2024-06-24,CN-SAMPLE-06,115.7816,20599,CN,CNY
2024-06-25,CN-SAMPLE-06,116.3817,185804,CN,CNY
2024-06-26,CN-SAMPLE-06,121.7377,82267,CN,CNY
2024-06-27,CN-SAMPLE-06,121.1429,170511,CN,CNY
2024-06-28,CN-SAMPLE-06,122.3262,111345,CN,CNY
2024-07-01,CN-SAMPLE-06,123.4276,147901,CN,CNY
2024-07-02,CN-SAMPLE-06,123.1035,75241,CN,CNY
2024-07-03,CN-SAMPLE-06,122.4694,189316,CN,CNY
2024-07-04,CN-SAMPLE-06,122.1777,119081,CN,CNY
2024-07-05,CN-SAMPLE-06,120.9274,47886,CN,CNY
2024-07-08,CN-SAMPLE-06,120.1208,136188,CN,CNY
2024-07-09,CN-SAMPLE-06,125.1515,21959,CN,CNY
2024-07-10,CN-SAMPLE-06,122.9778,184697,CN,CNY
2024-07-11,CN-SAMPLE-06,123.4685,33194,CN,CNY
2024-07-12,CN-SAMPLE-06,126.3344,28126,CN,CNY
2024-07-15,CN-SAMPLE-06,125.3741,22094,CN,CNY
2024-07-16,CN-SAMPLE-06,124.9480,37097,CN,CNY
2024-07-17,CN-SAMPLE-06,120.8400,134847,CN,CNY
2024-07-18,CN-SAMPLE-06,121.7043,144436,CN,CNY
2024-07-19,CN-SAMPLE-06,120.8018,99212,CN,CNY
2024-07-22,CN-SAMPLE-06,118.8236,127869,CN,CNY
2024-07-23,CN-SAMPLE-06,115.9024,158047,CN,CNY
2024-07-24,CN-SAMPLE-06,113.3944,91667,CN,CNY
2024-07-25,CN-SAMPLE-06,114.6942,170355,CN,CNY
2024-07-26,CN-SAMPLE-06,113.9288,193482,CN,CNY
2024-07-29,CN-SAMPLE-06,114.1939,190854,CN,CNY
2024-07-30,CN-SAMPLE-06,117.0922,160863,CN,CNY
2024-07-31,CN-SAMPLE-06,116.9156,195798,CN,CNY
2024-08-01,CN-SAMPLE-06,118.1925,10689,CN,CNY
2024-08-02,CN-SAMPLE-06,114.6186,13587,CN,CNY
2024-08-05,CN-SAMPLE-06,112.3364,157599,CN,CNY
2024-08-06,CN-SAMPLE-06,110.3947,95796,CN,CNY
2024-08-07,CN-SAMPLE-06,112.6906,121948,CN,CNY
2024-08-08,CN-SAMPLE-06,110.3775,35042,CN,CNY
2024-08-09,CN-SAMPLE-06,109.5602,30441,CN,CNY
2024-08-12,CN-SAMPLE-06,108.4663,61391,CN,CNY
2024-08-13,CN-SAMPLE-06,109.8607,80385,CN,CNY
2024-08-14,CN-SAMPLE-06,107.3480,76935,CN,CNY
2024-08-15,CN-SAMPLE-06,106.7309,132598,CN,CNY
2024-08-16,CN-SAMPLE-06,107.3980,114255,CN,CNY
2024-08-19,CN-SAMPLE-06,105.6575,81546,CN,CNY
2024-08-20,CN-SAMPLE-06,105.5104,182716,CN,CNY
2024-08-21,CN-SAMPLE-06,108.9250,197217,CN,CNY
2024-08-22,CN-SAMPLE-06,111.7081,144941,CN,CNY
2024-08-23,CN-SAMPLE-06,114.9110,115991,CN,CNY
2024-08-26,CN-SAMPLE-06,117.0741,11604,CN,CNY
2024-08-27,CN-SAMPLE-06,117.4235,67948,CN,CNY
2024-08-28,CN-SAMPLE-06,116.5232,131523,CN,CNY
2024-08-29,CN-SAMPLE-06,121.2463,167654,CN,CNY
2024-08-30,CN-SAMPLE-06,120.4413,100901,CN,CNY
2024-09-02,CN-SAMPLE-06,121.9073,32963,CN,CNY
2024-09-03,CN-SAMPLE-06,122.8503,97208,CN,CNY
2024-09-04,CN-SAMPLE-06,125.0920,185637,CN,CNY
2024-09-05,CN-SAMPLE-06,125.2510,68351,CN,CNY
2024-09-06,CN-SAMPLE-06,124.7071,197101,CN,CNY
2024-09-09,CN-SAMPLE-06,125.2162,82589,CN,CNY
